{
  "Delete" : {
    "transaction" : "Delete",
    "sampleCount" : 700,
    "errorCount" : 0,
    "errorPct" : 0.0,
    "meanResTime" : 3415.63,
    "medianResTime" : 3451.0,
    "minResTime" : 798.0,
    "maxResTime" : 5601.0,
    "pct1ResTime" : 4991.0,
    "pct2ResTime" : 5039.849999999999,
    "pct3ResTime" : 5591.99,
    "throughput" : 95.9166895039737,
    "receivedKBytesPerSec" : 23.22982323924363,
    "sentKBytesPerSec" : 23.97917237599342
  },
  "Create" : {
    "transaction" : "Create",
    "sampleCount" : 700,
    "errorCount" : 0,
    "errorPct" : 0.0,
    "meanResTime" : 5851.072857142858,
    "medianResTime" : 6112.5,
    "minResTime" : 1838.0,
    "maxResTime" : 9955.0,
    "pct1ResTime" : 7005.9,
    "pct2ResTime" : 8084.449999999993,
    "pct3ResTime" : 8957.51,
    "throughput" : 40.15833859216339,
    "receivedKBytesPerSec" : 17.333970368883023,
    "sentKBytesPerSec" : 17.6477073891343
  },
  "Total" : {
    "transaction" : "Total",
    "sampleCount" : 3500,
    "errorCount" : 0,
    "errorPct" : 0.0,
    "meanResTime" : 4559.272000000005,
    "medianResTime" : 4609.0,
    "minResTime" : 279.0,
    "maxResTime" : 11639.0,
    "pct1ResTime" : 7960.0,
    "pct2ResTime" : 9614.0,
    "pct3ResTime" : 10398.99,
    "throughput" : 124.21037688977215,
    "receivedKBytesPerSec" : 43.4008523937114,
    "sentKBytesPerSec" : 40.92634879161047
  },
  "Get" : {
    "transaction" : "Get",
    "sampleCount" : 700,
    "errorCount" : 0,
    "errorPct" : 0.0,
    "meanResTime" : 5180.615714285712,
    "medianResTime" : 5250.0,
    "minResTime" : 3025.0,
    "maxResTime" : 7190.0,
    "pct1ResTime" : 6171.6,
    "pct2ResTime" : 6315.95,
    "pct3ResTime" : 7011.280000000001,
    "throughput" : 44.24778761061947,
    "receivedKBytesPerSec" : 17.84603152654867,
    "sentKBytesPerSec" : 9.808835730088495
  },
  "Auth" : {
    "transaction" : "Auth",
    "sampleCount" : 700,
    "errorCount" : 0,
    "errorPct" : 0.0,
    "meanResTime" : 447.76285714285746,
    "medianResTime" : 440.5,
    "minResTime" : 279.0,
    "maxResTime" : 917.0,
    "pct1ResTime" : 668.0,
    "pct2ResTime" : 681.9499999999999,
    "pct3ResTime" : 804.95,
    "throughput" : 53.32520758741525,
    "receivedKBytesPerSec" : 14.11243286737259,
    "sentKBytesPerSec" : 15.258091624133465
  },
  "Update" : {
    "transaction" : "Update",
    "sampleCount" : 700,
    "errorCount" : 0,
    "errorPct" : 0.0,
    "meanResTime" : 7901.278571428569,
    "medianResTime" : 7663.0,
    "minResTime" : 4542.0,
    "maxResTime" : 11639.0,
    "pct1ResTime" : 10274.0,
    "pct2ResTime" : 10398.95,
    "pct3ResTime" : 11441.99,
    "throughput" : 40.350472676965644,
    "receivedKBytesPerSec" : 16.352974766543696,
    "sentKBytesPerSec" : 18.16559365632926
  }
}