{
  "Get List User" : {
    "transaction" : "Get List User",
    "sampleCount" : 1000,
    "errorCount" : 0,
    "errorPct" : 0.0,
    "meanResTime" : 322.1769999999999,
    "medianResTime" : 88.5,
    "minResTime" : 7.0,
    "maxResTime" : 5517.0,
    "pct1ResTime" : 867.9,
    "pct2ResTime" : 1359.1499999999974,
    "pct3ResTime" : 2396.71,
    "throughput" : 50.78978109604348,
    "receivedKBytesPerSec" : 94.2693056719488,
    "sentKBytesPerSec" : 6.447921428208645
  },
  "Get Single User" : {
    "transaction" : "Get Single User",
    "sampleCount" : 1000,
    "errorCount" : 0,
    "errorPct" : 0.0,
    "meanResTime" : 238.47899999999973,
    "medianResTime" : 90.5,
    "minResTime" : 8.0,
    "maxResTime" : 3422.0,
    "pct1ResTime" : 583.5999999999999,
    "pct2ResTime" : 880.5499999999994,
    "pct3ResTime" : 1686.6800000000003,
    "throughput" : 50.794940823893945,
    "receivedKBytesPerSec" : 57.02128942957281,
    "sentKBytesPerSec" : 6.20055429979174
  },
  "Total" : {
    "transaction" : "Total",
    "sampleCount" : 5000,
    "errorCount" : 3,
    "errorPct" : 0.06,
    "meanResTime" : 1079.6554,
    "medianResTime" : 430.0,
    "minResTime" : 7.0,
    "maxResTime" : 11906.0,
    "pct1ResTime" : 3831.0,
    "pct2ResTime" : 5760.0,
    "pct3ResTime" : 8463.56999999999,
    "throughput" : 203.84866275277233,
    "receivedKBytesPerSec" : 263.9720341930651,
    "sentKBytesPerSec" : 35.79295855756686
  },
  "Create User" : {
    "transaction" : "Create User",
    "sampleCount" : 1000,
    "errorCount" : 2,
    "errorPct" : 0.2,
    "meanResTime" : 3940.2529999999974,
    "medianResTime" : 3767.5,
    "minResTime" : 447.0,
    "maxResTime" : 11906.0,
    "pct1ResTime" : 7409.4,
    "pct2ResTime" : 8461.849999999997,
    "pct3ResTime" : 10234.510000000004,
    "throughput" : 41.99386889514131,
    "receivedKBytesPerSec" : 35.484040033280145,
    "sentKBytesPerSec" : 11.68774671397976
  },
  "Update User" : {
    "transaction" : "Update User",
    "sampleCount" : 1000,
    "errorCount" : 1,
    "errorPct" : 0.1,
    "meanResTime" : 612.3399999999988,
    "medianResTime" : 493.0,
    "minResTime" : 390.0,
    "maxResTime" : 7438.0,
    "pct1ResTime" : 851.6999999999999,
    "pct2ResTime" : 1253.0,
    "pct3ResTime" : 2237.740000000001,
    "throughput" : 49.71661529283086,
    "receivedKBytesPerSec" : 41.22361912101024,
    "sentKBytesPerSec" : 11.069715123794373
  },
  "Delayed Response" : {
    "transaction" : "Delayed Response",
    "sampleCount" : 1000,
    "errorCount" : 0,
    "errorPct" : 0.0,
    "meanResTime" : 285.02799999999957,
    "medianResTime" : 86.0,
    "minResTime" : 8.0,
    "maxResTime" : 4296.0,
    "pct1ResTime" : 778.2999999999998,
    "pct2ResTime" : 1170.3999999999992,
    "pct3ResTime" : 2658.4300000000003,
    "throughput" : 50.83108829360036,
    "receivedKBytesPerSec" : 92.60947745641235,
    "sentKBytesPerSec" : 6.502805240685204
  }
}