{
  "Create Student Address" : {
    "transaction" : "Create Student Address",
    "sampleCount" : 500,
    "errorCount" : 0,
    "errorPct" : 0.0,
    "meanResTime" : 1086.6719999999984,
    "medianResTime" : 1101.0,
    "minResTime" : 102.0,
    "maxResTime" : 2672.0,
    "pct1ResTime" : 1537.8000000000002,
    "pct2ResTime" : 1656.95,
    "pct3ResTime" : 2174.020000000001,
    "throughput" : 36.63540445486518,
    "receivedKBytesPerSec" : 11.842108275937866,
    "sentKBytesPerSec" : 21.358727011283705
  },
  "Create Student" : {
    "transaction" : "Create Student",
    "sampleCount" : 500,
    "errorCount" : 0,
    "errorPct" : 0.0,
    "meanResTime" : 1927.430000000001,
    "medianResTime" : 1909.0,
    "minResTime" : 414.0,
    "maxResTime" : 4456.0,
    "pct1ResTime" : 3377.3000000000006,
    "pct2ResTime" : 3792.2,
    "pct3ResTime" : 4284.98,
    "throughput" : 38.83796799751437,
    "receivedKBytesPerSec" : 17.75016506136399,
    "sentKBytesPerSec" : 11.795515671120086
  },
  "Update Student" : {
    "transaction" : "Update Student",
    "sampleCount" : 500,
    "errorCount" : 0,
    "errorPct" : 0.0,
    "meanResTime" : 922.2459999999998,
    "medianResTime" : 1060.5,
    "minResTime" : 99.0,
    "maxResTime" : 3729.0,
    "pct1ResTime" : 1583.2000000000012,
    "pct2ResTime" : 1983.35,
    "pct3ResTime" : 2406.930000000001,
    "throughput" : 40.456347600938585,
    "receivedKBytesPerSec" : 13.946377639776681,
    "sentKBytesPerSec" : 13.116706448741807
  },
  "Get Specific Student" : {
    "transaction" : "Get Specific Student",
    "sampleCount" : 500,
    "errorCount" : 0,
    "errorPct" : 0.0,
    "meanResTime" : 1087.7699999999998,
    "medianResTime" : 1118.5,
    "minResTime" : 101.0,
    "maxResTime" : 3668.0,
    "pct1ResTime" : 1520.9,
    "pct2ResTime" : 1646.9,
    "pct3ResTime" : 2427.99,
    "throughput" : 36.85141509433962,
    "receivedKBytesPerSec" : 15.222801352446934,
    "sentKBytesPerSec" : 6.693714069870283
  },
  "Total" : {
    "transaction" : "Total",
    "sampleCount" : 3500,
    "errorCount" : 0,
    "errorPct" : 0.0,
    "meanResTime" : 1355.3542857142857,
    "medianResTime" : 1247.0,
    "minResTime" : 99.0,
    "maxResTime" : 8409.0,
    "pct1ResTime" : 2281.8,
    "pct2ResTime" : 3029.0499999999965,
    "pct3ResTime" : 4408.829999999996,
    "throughput" : 185.78480811083392,
    "receivedKBytesPerSec" : 358.478111397898,
    "sentKBytesPerSec" : 51.88911632783057
  },
  "Get Student" : {
    "transaction" : "Get Student",
    "sampleCount" : 500,
    "errorCount" : 0,
    "errorPct" : 0.0,
    "meanResTime" : 2196.720000000001,
    "medianResTime" : 1931.5,
    "minResTime" : 434.0,
    "maxResTime" : 8409.0,
    "pct1ResTime" : 3947.700000000002,
    "pct2ResTime" : 4591.7,
    "pct3ResTime" : 6581.030000000002,
    "throughput" : 36.29764065335753,
    "receivedKBytesPerSec" : 394.1661467785844,
    "sentKBytesPerSec" : 6.309550816696914
  },
  "Final Student details" : {
    "transaction" : "Final Student details",
    "sampleCount" : 500,
    "errorCount" : 0,
    "errorPct" : 0.0,
    "meanResTime" : 1278.6400000000008,
    "medianResTime" : 1291.0,
    "minResTime" : 142.0,
    "maxResTime" : 4281.0,
    "pct1ResTime" : 1796.5000000000002,
    "pct2ResTime" : 2053.25,
    "pct3ResTime" : 2768.3800000000006,
    "throughput" : 36.41660597232338,
    "receivedKBytesPerSec" : 28.521599599417332,
    "sentKBytesPerSec" : 6.756987436270939
  },
  "Delete Student" : {
    "transaction" : "Delete Student",
    "sampleCount" : 500,
    "errorCount" : 0,
    "errorPct" : 0.0,
    "meanResTime" : 988.0019999999987,
    "medianResTime" : 1032.5,
    "minResTime" : 102.0,
    "maxResTime" : 6037.0,
    "pct1ResTime" : 1440.6000000000001,
    "pct2ResTime" : 1812.3999999999996,
    "pct3ResTime" : 2733.8700000000017,
    "throughput" : 37.10850526940774,
    "receivedKBytesPerSec" : 12.103750742170105,
    "sentKBytesPerSec" : 7.537665132848449
  }
}