{
  "Delete" : {
    "transaction" : "Delete",
    "sampleCount" : 500,
    "errorCount" : 0,
    "errorPct" : 0.0,
    "meanResTime" : 2362.6,
    "medianResTime" : 2229.5,
    "minResTime" : 901.0,
    "maxResTime" : 3818.0,
    "pct1ResTime" : 3784.0,
    "pct2ResTime" : 3807.0,
    "pct3ResTime" : 3817.0,
    "throughput" : 88.19897689186806,
    "receivedKBytesPerSec" : 21.360689715999296,
    "sentKBytesPerSec" : 21.94845321044276
  },
  "Create" : {
    "transaction" : "Create",
    "sampleCount" : 500,
    "errorCount" : 0,
    "errorPct" : 0.0,
    "meanResTime" : 5259.611999999999,
    "medianResTime" : 5204.5,
    "minResTime" : 1194.0,
    "maxResTime" : 9577.0,
    "pct1ResTime" : 7536.900000000001,
    "pct2ResTime" : 8247.75,
    "pct3ResTime" : 9033.210000000001,
    "throughput" : 33.45600535296086,
    "receivedKBytesPerSec" : 14.402548929407828,
    "sentKBytesPerSec" : 14.702346102375376
  },
  "Total" : {
    "transaction" : "Total",
    "sampleCount" : 2500,
    "errorCount" : 0,
    "errorPct" : 0.0,
    "meanResTime" : 3511.728400000001,
    "medianResTime" : 3817.0,
    "minResTime" : 275.0,
    "maxResTime" : 9577.0,
    "pct1ResTime" : 5883.9,
    "pct2ResTime" : 7274.999999999993,
    "pct3ResTime" : 8251.98,
    "throughput" : 107.87021056265101,
    "receivedKBytesPerSec" : 37.66659205643769,
    "sentKBytesPerSec" : 35.468062327407665
  },
  "Get" : {
    "transaction" : "Get",
    "sampleCount" : 500,
    "errorCount" : 0,
    "errorPct" : 0.0,
    "meanResTime" : 4267.6979999999985,
    "medianResTime" : 4259.0,
    "minResTime" : 3264.0,
    "maxResTime" : 5293.0,
    "pct1ResTime" : 4913.400000000001,
    "pct2ResTime" : 5193.75,
    "pct3ResTime" : 5282.99,
    "throughput" : 36.82427456179113,
    "receivedKBytesPerSec" : 14.8519779238474,
    "sentKBytesPerSec" : 8.120903299455001
  },
  "Auth" : {
    "transaction" : "Auth",
    "sampleCount" : 500,
    "errorCount" : 0,
    "errorPct" : 0.0,
    "meanResTime" : 442.64799999999985,
    "medianResTime" : 411.5,
    "minResTime" : 275.0,
    "maxResTime" : 874.0,
    "pct1ResTime" : 621.6000000000001,
    "pct2ResTime" : 643.0,
    "pct3ResTime" : 724.99,
    "throughput" : 46.913116907487336,
    "receivedKBytesPerSec" : 12.415483087821356,
    "sentKBytesPerSec" : 13.423382083880654
  },
  "Update" : {
    "transaction" : "Update",
    "sampleCount" : 500,
    "errorCount" : 0,
    "errorPct" : 0.0,
    "meanResTime" : 5226.083999999999,
    "medianResTime" : 5007.0,
    "minResTime" : 3082.0,
    "maxResTime" : 8703.0,
    "pct1ResTime" : 7837.9,
    "pct2ResTime" : 7926.45,
    "pct3ResTime" : 8175.780000000001,
    "throughput" : 37.2079178449174,
    "receivedKBytesPerSec" : 15.079380767227265,
    "sentKBytesPerSec" : 16.70809923351689
  }
}