{
  "Delete" : {
    "transaction" : "Delete",
    "sampleCount" : 1000,
    "errorCount" : 1,
    "errorPct" : 0.1,
    "meanResTime" : 8089.202000000015,
    "medianResTime" : 7816.0,
    "minResTime" : 363.0,
    "maxResTime" : 13105.0,
    "pct1ResTime" : 11363.9,
    "pct2ResTime" : 12074.8,
    "pct3ResTime" : 13100.0,
    "throughput" : 26.032853461067866,
    "receivedKBytesPerSec" : 6.304933388436207,
    "sentKBytesPerSec" : 6.482943193059642
  },
  "Create" : {
    "transaction" : "Create",
    "sampleCount" : 1000,
    "errorCount" : 1,
    "errorPct" : 0.1,
    "meanResTime" : 19349.422999999988,
    "medianResTime" : 19844.0,
    "minResTime" : 1777.0,
    "maxResTime" : 25950.0,
    "pct1ResTime" : 22110.8,
    "pct2ResTime" : 23008.149999999998,
    "pct3ResTime" : 24693.93,
    "throughput" : 29.256875365710943,
    "receivedKBytesPerSec" : 12.668112748683441,
    "sentKBytesPerSec" : 12.844168281889994
  },
  "Total" : {
    "transaction" : "Total",
    "sampleCount" : 5000,
    "errorCount" : 3,
    "errorPct" : 0.06,
    "meanResTime" : 12738.810400000053,
    "medianResTime" : 16327.5,
    "minResTime" : 280.0,
    "maxResTime" : 29431.0,
    "pct1ResTime" : 21047.7,
    "pct2ResTime" : 21859.95,
    "pct3ResTime" : 24247.989999999998,
    "throughput" : 69.09990464213159,
    "receivedKBytesPerSec" : 24.405276555093355,
    "sentKBytesPerSec" : 22.721560206746915
  },
  "Get" : {
    "transaction" : "Get",
    "sampleCount" : 1000,
    "errorCount" : 0,
    "errorPct" : 0.0,
    "meanResTime" : 17451.988000000016,
    "medianResTime" : 17271.0,
    "minResTime" : 15172.0,
    "maxResTime" : 21505.0,
    "pct1ResTime" : 18485.7,
    "pct2ResTime" : 18985.85,
    "pct3ResTime" : 19965.99,
    "throughput" : 21.40273526956745,
    "receivedKBytesPerSec" : 9.010363438509941,
    "sentKBytesPerSec" : 4.723775964193224
  },
  "Auth" : {
    "transaction" : "Auth",
    "sampleCount" : 1000,
    "errorCount" : 0,
    "errorPct" : 0.0,
    "meanResTime" : 557.9620000000004,
    "medianResTime" : 547.0,
    "minResTime" : 280.0,
    "maxResTime" : 1272.0,
    "pct1ResTime" : 810.0,
    "pct2ResTime" : 841.0,
    "pct3ResTime" : 917.0,
    "throughput" : 34.01129174886062,
    "receivedKBytesPerSec" : 9.001035218692605,
    "sentKBytesPerSec" : 9.731746564859533
  },
  "Update" : {
    "transaction" : "Update",
    "sampleCount" : 1000,
    "errorCount" : 1,
    "errorPct" : 0.1,
    "meanResTime" : 18245.477000000046,
    "medianResTime" : 18476.5,
    "minResTime" : 296.0,
    "maxResTime" : 29431.0,
    "pct1ResTime" : 21130.9,
    "pct2ResTime" : 21452.85,
    "pct3ResTime" : 29352.0,
    "throughput" : 23.905715856661327,
    "receivedKBytesPerSec" : 9.684546336747866,
    "sentKBytesPerSec" : 10.739035867538428
  }
}