{
  "Create Student Address" : {
    "transaction" : "Create Student Address",
    "sampleCount" : 100,
    "errorCount" : 0,
    "errorPct" : 0.0,
    "meanResTime" : 225.96999999999997,
    "medianResTime" : 220.0,
    "minResTime" : 103.0,
    "maxResTime" : 480.0,
    "pct1ResTime" : 389.10000000000014,
    "pct2ResTime" : 411.84999999999997,
    "pct3ResTime" : 479.99,
    "throughput" : 30.012004801920767,
    "receivedKBytesPerSec" : 9.701146083433374,
    "sentKBytesPerSec" : 17.497233268307323
  },
  "Create Student" : {
    "transaction" : "Create Student",
    "sampleCount" : 100,
    "errorCount" : 0,
    "errorPct" : 0.0,
    "meanResTime" : 3068.9100000000017,
    "medianResTime" : 3071.5,
    "minResTime" : 2649.0,
    "maxResTime" : 3392.0,
    "pct1ResTime" : 3353.7,
    "pct2ResTime" : 3370.5,
    "pct3ResTime" : 3391.95,
    "throughput" : 26.27430373095113,
    "receivedKBytesPerSec" : 12.008177877036259,
    "sentKBytesPerSec" : 7.979793418286915
  },
  "Update Student" : {
    "transaction" : "Update Student",
    "sampleCount" : 100,
    "errorCount" : 0,
    "errorPct" : 0.0,
    "meanResTime" : 122.50999999999996,
    "medianResTime" : 118.5,
    "minResTime" : 101.0,
    "maxResTime" : 235.0,
    "pct1ResTime" : 148.0,
    "pct2ResTime" : 162.95,
    "pct3ResTime" : 234.5999999999998,
    "throughput" : 202.83975659229208,
    "receivedKBytesPerSec" : 69.92425202839756,
    "sentKBytesPerSec" : 65.7644523326572
  },
  "Get Specific Student" : {
    "transaction" : "Get Specific Student",
    "sampleCount" : 100,
    "errorCount" : 0,
    "errorPct" : 0.0,
    "meanResTime" : 199.1,
    "medianResTime" : 135.5,
    "minResTime" : 100.0,
    "maxResTime" : 495.0,
    "pct1ResTime" : 363.9,
    "pct2ResTime" : 371.84999999999997,
    "pct3ResTime" : 493.85999999999945,
    "throughput" : 29.86857825567503,
    "receivedKBytesPerSec" : 12.338289650537634,
    "sentKBytesPerSec" : 5.425347222222222
  },
  "Total" : {
    "transaction" : "Total",
    "sampleCount" : 700,
    "errorCount" : 0,
    "errorPct" : 0.0,
    "meanResTime" : 810.6271428571439,
    "medianResTime" : 299.5,
    "minResTime" : 99.0,
    "maxResTime" : 3770.0,
    "pct1ResTime" : 2927.2999999999997,
    "pct2ResTime" : 3242.199999999999,
    "pct3ResTime" : 3360.98,
    "throughput" : 88.79868070531523,
    "receivedKBytesPerSec" : 173.75168975168083,
    "sentKBytesPerSec" : 24.80119402511734
  },
  "Get Student" : {
    "transaction" : "Get Student",
    "sampleCount" : 100,
    "errorCount" : 0,
    "errorPct" : 0.0,
    "meanResTime" : 1471.9200000000003,
    "medianResTime" : 1361.0,
    "minResTime" : 611.0,
    "maxResTime" : 3770.0,
    "pct1ResTime" : 2481.800000000003,
    "pct2ResTime" : 2708.5,
    "pct3ResTime" : 3760.669999999995,
    "throughput" : 25.906735751295336,
    "receivedKBytesPerSec" : 286.25349133743526,
    "sentKBytesPerSec" : 4.503319300518135
  },
  "Final Student details" : {
    "transaction" : "Final Student details",
    "sampleCount" : 100,
    "errorCount" : 0,
    "errorPct" : 0.0,
    "meanResTime" : 336.6399999999999,
    "medianResTime" : 356.0,
    "minResTime" : 140.0,
    "maxResTime" : 509.0,
    "pct1ResTime" : 465.9,
    "pct2ResTime" : 476.0,
    "pct3ResTime" : 508.99,
    "throughput" : 29.682398337785695,
    "receivedKBytesPerSec" : 23.24734713564856,
    "sentKBytesPerSec" : 5.50747625408133
  },
  "Delete Student" : {
    "transaction" : "Delete Student",
    "sampleCount" : 100,
    "errorCount" : 0,
    "errorPct" : 0.0,
    "meanResTime" : 249.33999999999997,
    "medianResTime" : 278.0,
    "minResTime" : 99.0,
    "maxResTime" : 422.0,
    "pct1ResTime" : 386.9,
    "pct2ResTime" : 406.29999999999984,
    "pct3ResTime" : 421.93999999999994,
    "throughput" : 30.432136335970785,
    "receivedKBytesPerSec" : 9.926106968959221,
    "sentKBytesPerSec" : 6.181527693244066
  }
}