{
  "Get List User" : {
    "transaction" : "Get List User",
    "sampleCount" : 200,
    "errorCount" : 0,
    "errorPct" : 0.0,
    "meanResTime" : 277.43,
    "medianResTime" : 78.5,
    "minResTime" : 13.0,
    "maxResTime" : 1867.0,
    "pct1ResTime" : 918.7,
    "pct2ResTime" : 1166.7499999999998,
    "pct3ResTime" : 1857.5800000000004,
    "throughput" : 92.89363678588016,
    "receivedKBytesPerSec" : 172.37394043195542,
    "sentKBytesPerSec" : 11.793137482582443
  },
  "Get Single User" : {
    "transaction" : "Get Single User",
    "sampleCount" : 200,
    "errorCount" : 0,
    "errorPct" : 0.0,
    "meanResTime" : 185.955,
    "medianResTime" : 72.0,
    "minResTime" : 14.0,
    "maxResTime" : 1778.0,
    "pct1ResTime" : 511.70000000000005,
    "pct2ResTime" : 937.2999999999998,
    "pct3ResTime" : 1741.0500000000018,
    "throughput" : 100.0,
    "receivedKBytesPerSec" : 112.3125,
    "sentKBytesPerSec" : 12.20703125
  },
  "Total" : {
    "transaction" : "Total",
    "sampleCount" : 1000,
    "errorCount" : 0,
    "errorPct" : 0.0,
    "meanResTime" : 1340.787999999998,
    "medianResTime" : 294.5,
    "minResTime" : 8.0,
    "maxResTime" : 7508.0,
    "pct1ResTime" : 5548.6,
    "pct2ResTime" : 5720.0,
    "pct3ResTime" : 6287.96,
    "throughput" : 116.57729074376311,
    "receivedKBytesPerSec" : 150.92626577436465,
    "sentKBytesPerSec" : 20.46933288645372
  },
  "Create User" : {
    "transaction" : "Create User",
    "sampleCount" : 200,
    "errorCount" : 0,
    "errorPct" : 0.0,
    "meanResTime" : 5576.595,
    "medianResTime" : 5547.0,
    "minResTime" : 4923.0,
    "maxResTime" : 7508.0,
    "pct1ResTime" : 6069.3,
    "pct2ResTime" : 6287.8,
    "pct3ResTime" : 7480.080000000004,
    "throughput" : 26.609898882384247,
    "receivedKBytesPerSec" : 22.460027981971795,
    "sentKBytesPerSec" : 7.406075372538584
  },
  "Update User" : {
    "transaction" : "Update User",
    "sampleCount" : 200,
    "errorCount" : 0,
    "errorPct" : 0.0,
    "meanResTime" : 547.5400000000001,
    "medianResTime" : 487.0,
    "minResTime" : 392.0,
    "maxResTime" : 1309.0,
    "pct1ResTime" : 754.9,
    "pct2ResTime" : 970.95,
    "pct3ResTime" : 1120.0600000000009,
    "throughput" : 69.58942240779402,
    "receivedKBytesPerSec" : 57.67291340466249,
    "sentKBytesPerSec" : 15.494519832985386
  },
  "Delayed Response" : {
    "transaction" : "Delayed Response",
    "sampleCount" : 200,
    "errorCount" : 0,
    "errorPct" : 0.0,
    "meanResTime" : 116.42000000000004,
    "medianResTime" : 75.0,
    "minResTime" : 8.0,
    "maxResTime" : 917.0,
    "pct1ResTime" : 215.9,
    "pct2ResTime" : 467.6499999999999,
    "pct3ResTime" : 839.6700000000003,
    "throughput" : 82.13552361396303,
    "receivedKBytesPerSec" : 149.62541709445586,
    "sentKBytesPerSec" : 10.507571868583161
  }
}