{
  "Get List User" : {
    "transaction" : "Get List User",
    "sampleCount" : 1000,
    "errorCount" : 0,
    "errorPct" : 0.0,
    "meanResTime" : 174.44599999999969,
    "medianResTime" : 38.0,
    "minResTime" : 8.0,
    "maxResTime" : 4385.0,
    "pct1ResTime" : 472.29999999999984,
    "pct2ResTime" : 895.5999999999995,
    "pct3ResTime" : 1951.7600000000002,
    "throughput" : 7.492937906023573,
    "receivedKBytesPerSec" : 13.906468348893668,
    "sentKBytesPerSec" : 0.9512518826006489
  },
  "Get Single User" : {
    "transaction" : "Get Single User",
    "sampleCount" : 1000,
    "errorCount" : 0,
    "errorPct" : 0.0,
    "meanResTime" : 122.39299999999987,
    "medianResTime" : 32.5,
    "minResTime" : 9.0,
    "maxResTime" : 3810.0,
    "pct1ResTime" : 300.0,
    "pct2ResTime" : 521.0,
    "pct3ResTime" : 1647.1300000000008,
    "throughput" : 7.493555542233679,
    "receivedKBytesPerSec" : 8.413491935997541,
    "sentKBytesPerSec" : 0.9147406667765721
  },
  "Total" : {
    "transaction" : "Total",
    "sampleCount" : 5000,
    "errorCount" : 3,
    "errorPct" : 0.06,
    "meanResTime" : 1520.0084000000013,
    "medianResTime" : 159.0,
    "minResTime" : 8.0,
    "maxResTime" : 15659.0,
    "pct1ResTime" : 9209.400000000003,
    "pct2ResTime" : 11269.699999999995,
    "pct3ResTime" : 13381.799999999996,
    "throughput" : 31.115619418635767,
    "receivedKBytesPerSec" : 40.300810493820435,
    "sentKBytesPerSec" : 5.4617331847303205
  },
  "Create User" : {
    "transaction" : "Create User",
    "sampleCount" : 1000,
    "errorCount" : 2,
    "errorPct" : 0.2,
    "meanResTime" : 6624.138000000009,
    "medianResTime" : 7949.0,
    "minResTime" : 441.0,
    "maxResTime" : 15392.0,
    "pct1ResTime" : 12931.3,
    "pct2ResTime" : 13361.05,
    "pct3ResTime" : 14658.94,
    "throughput" : 6.964321779523501,
    "receivedKBytesPerSec" : 5.896121318920669,
    "sentKBytesPerSec" : 1.9363739018135093
  },
  "Update User" : {
    "transaction" : "Update User",
    "sampleCount" : 1000,
    "errorCount" : 1,
    "errorPct" : 0.1,
    "meanResTime" : 534.4700000000003,
    "medianResTime" : 454.0,
    "minResTime" : 391.0,
    "maxResTime" : 15659.0,
    "pct1ResTime" : 708.9,
    "pct2ResTime" : 896.0,
    "pct3ResTime" : 1573.940000000001,
    "throughput" : 6.7230958511775505,
    "receivedKBytesPerSec" : 5.571187920613684,
    "sentKBytesPerSec" : 1.4969393106137512
  },
  "Delayed Response" : {
    "transaction" : "Delayed Response",
    "sampleCount" : 1000,
    "errorCount" : 0,
    "errorPct" : 0.0,
    "meanResTime" : 144.59499999999997,
    "medianResTime" : 43.0,
    "minResTime" : 8.0,
    "maxResTime" : 3762.0,
    "pct1ResTime" : 386.5999999999999,
    "pct2ResTime" : 662.3999999999992,
    "pct3ResTime" : 1833.97,
    "throughput" : 6.669823716559171,
    "receivedKBytesPerSec" : 12.152340649574132,
    "sentKBytesPerSec" : 0.8532684637395034
  }
}