{
  "Delete" : {
    "transaction" : "Delete",
    "sampleCount" : 200,
    "errorCount" : 0,
    "errorPct" : 0.0,
    "meanResTime" : 633.4699999999997,
    "medianResTime" : 709.0,
    "minResTime" : 280.0,
    "maxResTime" : 1600.0,
    "pct1ResTime" : 913.0,
    "pct2ResTime" : 922.95,
    "pct3ResTime" : 1101.7100000000003,
    "throughput" : 29.81070204203309,
    "receivedKBytesPerSec" : 7.21977940080489,
    "sentKBytesPerSec" : 7.416431053435684
  },
  "Create" : {
    "transaction" : "Create",
    "sampleCount" : 200,
    "errorCount" : 0,
    "errorPct" : 0.0,
    "meanResTime" : 1959.2400000000005,
    "medianResTime" : 1457.0,
    "minResTime" : 1120.0,
    "maxResTime" : 4657.0,
    "pct1ResTime" : 3877.400000000001,
    "pct2ResTime" : 4518.95,
    "pct3ResTime" : 4651.99,
    "throughput" : 18.475750577367204,
    "receivedKBytesPerSec" : 7.952421333718245,
    "sentKBytesPerSec" : 8.119226327944574
  },
  "Total" : {
    "transaction" : "Total",
    "sampleCount" : 1000,
    "errorCount" : 0,
    "errorPct" : 0.0,
    "meanResTime" : 846.1600000000005,
    "medianResTime" : 701.5,
    "minResTime" : 279.0,
    "maxResTime" : 4657.0,
    "pct1ResTime" : 1479.9,
    "pct2ResTime" : 2379.049999999999,
    "pct3ResTime" : 4520.59,
    "throughput" : 81.35372600065082,
    "receivedKBytesPerSec" : 28.406353598885456,
    "sentKBytesPerSec" : 26.746070233688577
  },
  "Get" : {
    "transaction" : "Get",
    "sampleCount" : 200,
    "errorCount" : 0,
    "errorPct" : 0.0,
    "meanResTime" : 610.7950000000002,
    "medianResTime" : 685.5,
    "minResTime" : 280.0,
    "maxResTime" : 1173.0,
    "pct1ResTime" : 885.6,
    "pct2ResTime" : 1084.35,
    "pct3ResTime" : 1163.95,
    "throughput" : 27.536830510808205,
    "receivedKBytesPerSec" : 11.1061630868787,
    "sentKBytesPerSec" : 6.070876144499518
  },
  "Auth" : {
    "transaction" : "Auth",
    "sampleCount" : 200,
    "errorCount" : 0,
    "errorPct" : 0.0,
    "meanResTime" : 327.77500000000015,
    "medianResTime" : 313.0,
    "minResTime" : 279.0,
    "maxResTime" : 485.0,
    "pct1ResTime" : 416.9,
    "pct2ResTime" : 424.95,
    "pct3ResTime" : 468.62000000000035,
    "throughput" : 28.51846570654499,
    "receivedKBytesPerSec" : 7.547367389134465,
    "sentKBytesPerSec" : 8.160068800798518
  },
  "Update" : {
    "transaction" : "Update",
    "sampleCount" : 200,
    "errorCount" : 0,
    "errorPct" : 0.0,
    "meanResTime" : 699.52,
    "medianResTime" : 628.5,
    "minResTime" : 279.0,
    "maxResTime" : 1432.0,
    "pct1ResTime" : 1098.0,
    "pct2ResTime" : 1387.95,
    "pct3ResTime" : 1413.98,
    "throughput" : 28.595939376608523,
    "receivedKBytesPerSec" : 11.589174649699743,
    "sentKBytesPerSec" : 12.83899033993423
  }
}