{
  "Create Student Address" : {
    "transaction" : "Create Student Address",
    "sampleCount" : 700,
    "errorCount" : 1,
    "errorPct" : 0.14285715,
    "meanResTime" : 2052.2971428571427,
    "medianResTime" : 1821.0,
    "minResTime" : 99.0,
    "maxResTime" : 319059.0,
    "pct1ResTime" : 2700.2999999999997,
    "pct2ResTime" : 2788.95,
    "pct3ResTime" : 2946.99,
    "throughput" : 2.116146195471447,
    "receivedKBytesPerSec" : 0.6918717549275976,
    "sentKBytesPerSec" : 1.2319672932600743
  },
  "Create Student" : {
    "transaction" : "Create Student",
    "sampleCount" : 700,
    "errorCount" : 0,
    "errorPct" : 0.0,
    "meanResTime" : 5683.224285714287,
    "medianResTime" : 3690.0,
    "minResTime" : 1382.0,
    "maxResTime" : 14143.0,
    "pct1ResTime" : 11633.2,
    "pct2ResTime" : 12285.499999999996,
    "pct3ResTime" : 13570.18,
    "throughput" : 47.94520547945205,
    "receivedKBytesPerSec" : 21.912457191780824,
    "sentKBytesPerSec" : 14.561483304794521
  },
  "Update Student" : {
    "transaction" : "Update Student",
    "sampleCount" : 700,
    "errorCount" : 9,
    "errorPct" : 1.2857143,
    "meanResTime" : 5725.195714285715,
    "medianResTime" : 1354.0,
    "minResTime" : 535.0,
    "maxResTime" : 321541.0,
    "pct1ResTime" : 2142.9,
    "pct2ResTime" : 3487.899999999994,
    "pct3ResTime" : 320147.97,
    "throughput" : 2.167592022022735,
    "receivedKBytesPerSec" : 0.8189403368360587,
    "sentKBytesPerSec" : 0.6937383104858812
  },
  "Get Specific Student" : {
    "transaction" : "Get Specific Student",
    "sampleCount" : 700,
    "errorCount" : 1,
    "errorPct" : 0.14285715,
    "meanResTime" : 2063.659999999998,
    "medianResTime" : 1781.0,
    "minResTime" : 98.0,
    "maxResTime" : 319738.0,
    "pct1ResTime" : 2709.9,
    "pct2ResTime" : 2819.7499999999995,
    "pct3ResTime" : 5251.130000000002,
    "throughput" : 2.1133160041420993,
    "receivedKBytesPerSec" : 0.8805434212850168,
    "sentKBytesPerSec" : 0.383315662615138
  },
  "Total" : {
    "transaction" : "Total",
    "sampleCount" : 4900,
    "errorCount" : 62,
    "errorPct" : 1.2653061,
    "meanResTime" : 7170.4365306122445,
    "medianResTime" : 2024.5,
    "minResTime" : 98.0,
    "maxResTime" : 332234.0,
    "pct1ResTime" : 9033.800000000001,
    "pct2ResTime" : 11670.849999999999,
    "pct3ResTime" : 330301.92,
    "throughput" : 14.140230687763506,
    "receivedKBytesPerSec" : 26.184031833374696,
    "sentKBytesPerSec" : 3.9131121376205167
  },
  "Get Student" : {
    "transaction" : "Get Student",
    "sampleCount" : 700,
    "errorCount" : 51,
    "errorPct" : 7.285714,
    "meanResTime" : 31354.709999999992,
    "medianResTime" : 7210.5,
    "minResTime" : 407.0,
    "maxResTime" : 332234.0,
    "pct1ResTime" : 17378.399999999994,
    "pct2ResTime" : 330633.35,
    "pct3ResTime" : 332059.97,
    "throughput" : 2.105877504113982,
    "receivedKBytesPerSec" : 21.636522299362518,
    "sentKBytesPerSec" : 0.3393905985355126
  },
  "Final Student details" : {
    "transaction" : "Final Student details",
    "sampleCount" : 700,
    "errorCount" : 0,
    "errorPct" : 0.0,
    "meanResTime" : 1754.2657142857147,
    "medianResTime" : 1996.0,
    "minResTime" : 142.0,
    "maxResTime" : 7035.0,
    "pct1ResTime" : 2701.9,
    "pct2ResTime" : 2862.8999999999996,
    "pct3ResTime" : 3082.95,
    "throughput" : 2.1158583583961796,
    "receivedKBytesPerSec" : 1.6571468783532577,
    "sentKBytesPerSec" : 0.3925909063430411
  },
  "Delete Student" : {
    "transaction" : "Delete Student",
    "sampleCount" : 700,
    "errorCount" : 0,
    "errorPct" : 0.0,
    "meanResTime" : 1559.702857142858,
    "medianResTime" : 1712.5,
    "minResTime" : 100.0,
    "maxResTime" : 3128.0,
    "pct1ResTime" : 2661.9,
    "pct2ResTime" : 2791.7499999999995,
    "pct3ResTime" : 2931.98,
    "throughput" : 2.1199850995333005,
    "receivedKBytesPerSec" : 0.6914795148868382,
    "sentKBytesPerSec" : 0.4306219733427017
  }
}